dataset;#TrainingRelease;%Training;%Defective in Training;%Defective in Testing;Classifier;Balancing;Feature Selection;Sensitivity;TP;FP;TN;FN;Precision;Recall;AUC;Kappa
BOOKKEEPER;1;0.5491991;0.5416667;0.6751269;IBk;No Balancing;No Selection;No Sensitivity;0.0;1.0;132.0;64.0;0.0;0.0;0.6893209586466166;-0.010097026110278465
BOOKKEEPER;1;0.5491991;0.5416667;0.6751269;IBk;No Balancing;No Selection;Sensitive Threshold;0.0;1.0;132.0;64.0;0.0;0.0;0.49624060150375937;-0.010097026110278465
BOOKKEEPER;1;0.5491991;0.5416667;0.6751269;IBk;No Balancing;No Selection;Sensitive Learning;3.0;4.0;129.0;61.0;0.42857142857142855;0.046875;0.5992128759398496;0.021847070506454708
BOOKKEEPER;1;0.5491991;0.5416667;0.6751269;Naive Bayes;No Balancing;No Selection;No Sensitivity;44.0;36.0;97.0;20.0;0.55;0.6875;0.7501762218045113;0.39143865842894976
BOOKKEEPER;1;0.5491991;0.5416667;0.6751269;Naive Bayes;No Balancing;No Selection;Sensitive Threshold;44.0;36.0;97.0;20.0;0.55;0.6875;0.7084116541353384;0.39143865842894976
BOOKKEEPER;1;0.5491991;0.5416667;0.6751269;Naive Bayes;No Balancing;No Selection;Sensitive Learning;57.0;85.0;48.0;7.0;0.4014084507042254;0.890625;0.6971921992481203;0.19110952423458008
BOOKKEEPER;1;0.5491991;0.5416667;0.6751269;Random Forest;No Balancing;No Selection;No Sensitivity;1.0;2.0;131.0;63.0;0.3333333333333333;0.015625;0.7339050751879699;7.80335544284111E-4
BOOKKEEPER;1;0.5491991;0.5416667;0.6751269;Random Forest;No Balancing;No Selection;Sensitive Threshold;1.0;2.0;131.0;63.0;0.3333333333333333;0.015625;0.5002937030075187;7.80335544284111E-4
BOOKKEEPER;1;0.5491991;0.5416667;0.6751269;Random Forest;No Balancing;No Selection;Sensitive Learning;0.0;0.0;133.0;64.0;NaN;0.0;0.6581296992481203;0.0
BOOKKEEPER;1;0.5491991;0.5416667;0.6751269;IBk;Undersampling;No Selection;No Sensitivity;12.0;24.0;109.0;52.0;0.3333333333333333;0.1875;0.5462875939849624;0.007951232441028206
BOOKKEEPER;1;0.5491991;0.5416667;0.6751269;IBk;Undersampling;No Selection;Sensitive Threshold;12.0;24.0;109.0;52.0;0.3333333333333333;0.1875;0.5035244360902256;0.007951232441028206
BOOKKEEPER;1;0.5491991;0.5416667;0.6751269;IBk;Undersampling;No Selection;Sensitive Learning;1.0;0.0;133.0;63.0;1.0;0.015625;0.5411184210526315;0.020982882385422504
BOOKKEEPER;1;0.5491991;0.5416667;0.6751269;Naive Bayes;Undersampling;No Selection;No Sensitivity;55.0;63.0;70.0;9.0;0.4661016949152542;0.859375;0.7521146616541353;0.31643373493975907
BOOKKEEPER;1;0.5491991;0.5416667;0.6751269;Naive Bayes;Undersampling;No Selection;Sensitive Threshold;55.0;63.0;70.0;9.0;0.4661016949152542;0.859375;0.6928453947368421;0.31643373493975907
BOOKKEEPER;1;0.5491991;0.5416667;0.6751269;Naive Bayes;Undersampling;No Selection;Sensitive Learning;0.0;0.0;133.0;64.0;NaN;0.0;0.6796875;0.0
BOOKKEEPER;1;0.5491991;0.5416667;0.6751269;Random Forest;Undersampling;No Selection;No Sensitivity;34.0;21.0;112.0;30.0;0.6181818181818182;0.53125;0.7554628759398496;0.38749009327562034
BOOKKEEPER;1;0.5491991;0.5416667;0.6751269;Random Forest;Undersampling;No Selection;Sensitive Threshold;34.0;21.0;112.0;30.0;0.6181818181818182;0.53125;0.6866776315789473;0.38749009327562034
BOOKKEEPER;1;0.5491991;0.5416667;0.6751269;Random Forest;Undersampling;No Selection;Sensitive Learning;46.0;64.0;69.0;18.0;0.41818181818181815;0.71875;0.6898496240601504;0.20021784335082676
BOOKKEEPER;1;0.5491991;0.5416667;0.6751269;IBk;Oversampling;No Selection;No Sensitivity;9.0;6.0;127.0;55.0;0.6;0.140625;0.5419407894736842;0.11918199809426082
BOOKKEEPER;1;0.5491991;0.5416667;0.6751269;IBk;Oversampling;No Selection;Sensitive Threshold;9.0;6.0;127.0;55.0;0.6;0.140625;0.5477561090225563;0.11918199809426082
BOOKKEEPER;1;0.5491991;0.5416667;0.6751269;IBk;Oversampling;No Selection;Sensitive Learning;0.0;0.0;133.0;64.0;NaN;0.0;0.39256343984962405;0.0
BOOKKEEPER;1;0.5491991;0.5416667;0.6751269;Naive Bayes;Oversampling;No Selection;No Sensitivity;56.0;77.0;56.0;8.0;0.42105263157894735;0.875;0.7585173872180451;0.23135184760156077
BOOKKEEPER;1;0.5491991;0.5416667;0.6751269;Naive Bayes;Oversampling;No Selection;Sensitive Threshold;56.0;77.0;56.0;8.0;0.42105263157894735;0.875;0.6480263157894737;0.23135184760156077
BOOKKEEPER;1;0.5491991;0.5416667;0.6751269;Naive Bayes;Oversampling;No Selection;Sensitive Learning;0.0;0.0;133.0;64.0;NaN;0.0;0.6331649436090225;0.0
BOOKKEEPER;1;0.5491991;0.5416667;0.6751269;Random Forest;Oversampling;No Selection;No Sensitivity;33.0;19.0;114.0;31.0;0.6346153846153846;0.515625;0.7232730263157895;0.39182514201037294
BOOKKEEPER;1;0.5491991;0.5416667;0.6751269;Random Forest;Oversampling;No Selection;Sensitive Threshold;33.0;19.0;114.0;31.0;0.6346153846153846;0.515625;0.6863839285714286;0.39182514201037294
BOOKKEEPER;1;0.5491991;0.5416667;0.6751269;Random Forest;Oversampling;No Selection;Sensitive Learning;4.0;0.0;133.0;60.0;1.0;0.0625;0.6734609962406015;0.08258304874262651
BOOKKEEPER;1;0.5491991;0.5416667;0.6751269;IBk;SMOTE;No Selection;No Sensitivity;13.0;26.0;107.0;51.0;0.3333333333333333;0.203125;0.5038181390977443;0.008497287404405703
BOOKKEEPER;1;0.5491991;0.5416667;0.6751269;IBk;SMOTE;No Selection;Sensitive Threshold;13.0;26.0;107.0;51.0;0.3333333333333333;0.203125;0.5038181390977443;0.008497287404405703
BOOKKEEPER;1;0.5491991;0.5416667;0.6751269;IBk;SMOTE;No Selection;Sensitive Learning;0.0;0.0;133.0;64.0;NaN;0.0;0.6094924812030075;0.0
BOOKKEEPER;1;0.5491991;0.5416667;0.6751269;Naive Bayes;SMOTE;No Selection;No Sensitivity;38.0;36.0;97.0;26.0;0.5135135135135135;0.59375;0.7417763157894737;0.3104888788528846
BOOKKEEPER;1;0.5491991;0.5416667;0.6751269;Naive Bayes;SMOTE;No Selection;Sensitive Threshold;38.0;36.0;97.0;26.0;0.5135135135135135;0.59375;0.6615366541353384;0.3104888788528846
BOOKKEEPER;1;0.5491991;0.5416667;0.6751269;Naive Bayes;SMOTE;No Selection;Sensitive Learning;0.0;0.0;133.0;64.0;NaN;0.0;0.6772791353383458;0.0
BOOKKEEPER;1;0.5491991;0.5416667;0.6751269;Random Forest;SMOTE;No Selection;No Sensitivity;35.0;22.0;111.0;29.0;0.6140350877192983;0.546875;0.783188439849624;0.39260020554984587
BOOKKEEPER;1;0.5491991;0.5416667;0.6751269;Random Forest;SMOTE;No Selection;Sensitive Threshold;35.0;22.0;111.0;29.0;0.6140350877192983;0.546875;0.6907307330827067;0.39260020554984587
BOOKKEEPER;1;0.5491991;0.5416667;0.6751269;Random Forest;SMOTE;No Selection;Sensitive Learning;3.0;0.0;133.0;61.0;1.0;0.046875;0.6553688909774437;0.06227077643386648
BOOKKEEPER;1;0.5491991;0.5416667;0.6751269;IBk;No Balancing;Best First;No Sensitivity;0.0;2.0;131.0;64.0;0.0;0.0;0.7200422932330827;-0.020084732465087102
BOOKKEEPER;1;0.5491991;0.5416667;0.6751269;IBk;No Balancing;Best First;Sensitive Threshold;0.0;2.0;131.0;64.0;0.0;0.0;0.4924812030075188;-0.020084732465087102
BOOKKEEPER;1;0.5491991;0.5416667;0.6751269;IBk;No Balancing;Best First;Sensitive Learning;3.0;4.0;129.0;61.0;0.42857142857142855;0.046875;0.5968045112781954;0.021847070506454708
BOOKKEEPER;1;0.5491991;0.5416667;0.6751269;Naive Bayes;No Balancing;Best First;No Sensitivity;0.0;0.0;133.0;64.0;NaN;0.0;0.7616893796992481;0.0
BOOKKEEPER;1;0.5491991;0.5416667;0.6751269;Naive Bayes;No Balancing;Best First;Sensitive Threshold;0.0;0.0;133.0;64.0;NaN;0.0;0.5;0.0
BOOKKEEPER;1;0.5491991;0.5416667;0.6751269;Naive Bayes;No Balancing;Best First;Sensitive Learning;0.0;0.0;133.0;64.0;NaN;0.0;0.6966047932330827;0.0
BOOKKEEPER;1;0.5491991;0.5416667;0.6751269;Random Forest;No Balancing;Best First;No Sensitivity;8.0;8.0;125.0;56.0;0.5;0.125;0.7005404135338346;0.08051341890315047
BOOKKEEPER;1;0.5491991;0.5416667;0.6751269;Random Forest;No Balancing;Best First;Sensitive Threshold;8.0;8.0;125.0;56.0;0.5;0.125;0.5324248120300752;0.08051341890315047
BOOKKEEPER;1;0.5491991;0.5416667;0.6751269;Random Forest;No Balancing;Best First;Sensitive Learning;0.0;0.0;133.0;64.0;NaN;0.0;0.6613604323308271;0.0
BOOKKEEPER;1;0.5491991;0.5416667;0.6751269;IBk;Undersampling;Best First;No Sensitivity;17.0;26.0;107.0;47.0;0.3953488372093023;0.265625;0.5405897556390977;0.07666131621187793
BOOKKEEPER;1;0.5491991;0.5416667;0.6751269;IBk;Undersampling;Best First;Sensitive Threshold;17.0;26.0;107.0;47.0;0.3953488372093023;0.265625;0.5350681390977443;0.07666131621187793
BOOKKEEPER;1;0.5491991;0.5416667;0.6751269;IBk;Undersampling;Best First;Sensitive Learning;57.0;98.0;35.0;7.0;0.36774193548387096;0.890625;0.5748355263157895;0.11234604986482427
BOOKKEEPER;1;0.5491991;0.5416667;0.6751269;Naive Bayes;Undersampling;Best First;No Sensitivity;0.0;0.0;133.0;64.0;NaN;0.0;0.7387218045112782;0.0
BOOKKEEPER;1;0.5491991;0.5416667;0.6751269;Naive Bayes;Undersampling;Best First;Sensitive Threshold;0.0;0.0;133.0;64.0;NaN;0.0;0.5;0.0
BOOKKEEPER;1;0.5491991;0.5416667;0.6751269;Naive Bayes;Undersampling;Best First;Sensitive Learning;0.0;0.0;133.0;64.0;NaN;0.0;0.7635103383458647;0.0
BOOKKEEPER;1;0.5491991;0.5416667;0.6751269;Random Forest;Undersampling;Best First;No Sensitivity;9.0;10.0;123.0;55.0;0.47368421052631576;0.140625;0.7123472744360902;0.08003448523600834
BOOKKEEPER;1;0.5491991;0.5416667;0.6751269;Random Forest;Undersampling;Best First;Sensitive Threshold;9.0;10.0;123.0;55.0;0.47368421052631576;0.140625;0.5327185150375939;0.08003448523600834
BOOKKEEPER;1;0.5491991;0.5416667;0.6751269;Random Forest;Undersampling;Best First;Sensitive Learning;51.0;54.0;79.0;13.0;0.4857142857142857;0.796875;0.7660949248120301;0.33516345136755143
BOOKKEEPER;1;0.5491991;0.5416667;0.6751269;IBk;Oversampling;Best First;No Sensitivity;17.0;29.0;104.0;47.0;0.3695652173913043;0.265625;0.5083411654135338;0.051324293498922716
BOOKKEEPER;1;0.5491991;0.5416667;0.6751269;IBk;Oversampling;Best First;Sensitive Threshold;17.0;29.0;104.0;47.0;0.3695652173913043;0.265625;0.5237899436090225;0.051324293498922716
BOOKKEEPER;1;0.5491991;0.5416667;0.6751269;IBk;Oversampling;Best First;Sensitive Learning;41.0;55.0;78.0;23.0;0.4270833333333333;0.640625;0.626233552631579;0.2010191347753744
BOOKKEEPER;1;0.5491991;0.5416667;0.6751269;Naive Bayes;Oversampling;Best First;No Sensitivity;0.0;0.0;133.0;64.0;NaN;0.0;0.694078947368421;0.0
BOOKKEEPER;1;0.5491991;0.5416667;0.6751269;Naive Bayes;Oversampling;Best First;Sensitive Threshold;0.0;0.0;133.0;64.0;NaN;0.0;0.5;0.0
BOOKKEEPER;1;0.5491991;0.5416667;0.6751269;Naive Bayes;Oversampling;Best First;Sensitive Learning;0.0;0.0;133.0;64.0;NaN;0.0;0.7271499060150376;0.0
BOOKKEEPER;1;0.5491991;0.5416667;0.6751269;Random Forest;Oversampling;Best First;No Sensitivity;8.0;7.0;126.0;56.0;0.5333333333333333;0.125;0.6905545112781954;0.09030271934325321
BOOKKEEPER;1;0.5491991;0.5416667;0.6751269;Random Forest;Oversampling;Best First;Sensitive Threshold;8.0;7.0;126.0;56.0;0.5333333333333333;0.125;0.5361842105263158;0.09030271934325321
BOOKKEEPER;1;0.5491991;0.5416667;0.6751269;Random Forest;Oversampling;Best First;Sensitive Learning;44.0;44.0;89.0;20.0;0.5;0.6875;0.708000469924812;0.32505353319057817
BOOKKEEPER;1;0.5491991;0.5416667;0.6751269;IBk;SMOTE;Best First;No Sensitivity;13.0;21.0;112.0;51.0;0.38235294117647056;0.203125;0.5286066729323309;0.051491239802059593
BOOKKEEPER;1;0.5491991;0.5416667;0.6751269;IBk;SMOTE;Best First;Sensitive Threshold;13.0;21.0;112.0;51.0;0.38235294117647056;0.203125;0.5226151315789473;0.051491239802059593
BOOKKEEPER;1;0.5491991;0.5416667;0.6751269;IBk;SMOTE;Best First;Sensitive Learning;12.0;20.0;113.0;52.0;0.375;0.1875;0.46493186090225563;0.042656587473002314
BOOKKEEPER;1;0.5491991;0.5416667;0.6751269;Naive Bayes;SMOTE;Best First;No Sensitivity;0.0;0.0;133.0;64.0;NaN;0.0;0.7034774436090225;0.0
BOOKKEEPER;1;0.5491991;0.5416667;0.6751269;Naive Bayes;SMOTE;Best First;Sensitive Threshold;0.0;0.0;133.0;64.0;NaN;0.0;0.5;0.0
BOOKKEEPER;1;0.5491991;0.5416667;0.6751269;Naive Bayes;SMOTE;Best First;Sensitive Learning;0.0;0.0;133.0;64.0;NaN;0.0;0.7203359962406015;0.0
BOOKKEEPER;1;0.5491991;0.5416667;0.6751269;Random Forest;SMOTE;Best First;No Sensitivity;35.0;22.0;111.0;29.0;0.6140350877192983;0.546875;0.7210996240601504;0.39260020554984587
BOOKKEEPER;1;0.5491991;0.5416667;0.6751269;Random Forest;SMOTE;Best First;Sensitive Threshold;35.0;22.0;111.0;29.0;0.6140350877192983;0.546875;0.6907307330827067;0.39260020554984587
BOOKKEEPER;1;0.5491991;0.5416667;0.6751269;Random Forest;SMOTE;Best First;Sensitive Learning;2.0;2.0;131.0;62.0;0.5;0.03125;0.631578947368421;0.021421918658801765
BOOKKEEPER;2;0.5435323;0.60183066;0.46321526;IBk;No Balancing;No Selection;No Sensitivity;83.0;28.0;142.0;114.0;0.7477477477477478;0.4213197969543147;0.6538071065989848;0.24801593027618235
BOOKKEEPER;2;0.5435323;0.60183066;0.46321526;IBk;No Balancing;No Selection;Sensitive Threshold;83.0;28.0;142.0;114.0;0.7477477477477478;0.4213197969543147;0.6283069573006868;0.24801593027618235
BOOKKEEPER;2;0.5435323;0.60183066;0.46321526;IBk;No Balancing;No Selection;Sensitive Learning;35.0;10.0;160.0;162.0;0.7777777777777778;0.17766497461928935;0.7153627948641386;0.11198019244837082
BOOKKEEPER;2;0.5435323;0.60183066;0.46321526;Naive Bayes;No Balancing;No Selection;No Sensitivity;113.0;41.0;129.0;84.0;0.7337662337662337;0.5736040609137056;0.731770677814273;0.32676362248866314
BOOKKEEPER;2;0.5435323;0.60183066;0.46321526;Naive Bayes;No Balancing;No Selection;Sensitive Threshold;113.0;41.0;129.0;84.0;0.7337662337662337;0.5736040609137056;0.6662137951627352;0.32676362248866314
BOOKKEEPER;2;0.5435323;0.60183066;0.46321526;Naive Bayes;No Balancing;No Selection;Sensitive Learning;122.0;38.0;132.0;75.0;0.7625;0.6192893401015228;0.7762317109584951;0.3899439532796893
BOOKKEEPER;2;0.5435323;0.60183066;0.46321526;Random Forest;No Balancing;No Selection;No Sensitivity;67.0;20.0;150.0;130.0;0.7701149425287356;0.3401015228426396;0.7359659599880561;0.21300929235167967
BOOKKEEPER;2;0.5435323;0.60183066;0.46321526;Random Forest;No Balancing;No Selection;Sensitive Threshold;67.0;20.0;150.0;130.0;0.7701149425287356;0.3401015228426396;0.6112272320095551;0.21300929235167967
BOOKKEEPER;2;0.5435323;0.60183066;0.46321526;Random Forest;No Balancing;No Selection;Sensitive Learning;0.0;0.0;170.0;197.0;NaN;0.0;0.7268736936398925;0.0
BOOKKEEPER;2;0.5435323;0.60183066;0.46321526;IBk;Undersampling;No Selection;No Sensitivity;86.0;37.0;133.0;111.0;0.6991869918699187;0.4365482233502538;0.603493580173186;0.2125605265446955
BOOKKEEPER;2;0.5435323;0.60183066;0.46321526;IBk;Undersampling;No Selection;Sensitive Threshold;86.0;37.0;133.0;111.0;0.6991869918699187;0.4365482233502538;0.6094505822633622;0.2125605265446955
BOOKKEEPER;2;0.5435323;0.60183066;0.46321526;IBk;Undersampling;No Selection;Sensitive Learning;96.0;35.0;135.0;101.0;0.732824427480916;0.4873096446700508;0.6440728575694237;0.2741339693435327
BOOKKEEPER;2;0.5435323;0.60183066;0.46321526;Naive Bayes;Undersampling;No Selection;No Sensitivity;175.0;103.0;67.0;22.0;0.6294964028776978;0.8883248730964467;0.7284114661092863;0.2919759850601145
BOOKKEEPER;2;0.5435323;0.60183066;0.46321526;Naive Bayes;Undersampling;No Selection;Sensitive Threshold;175.0;103.0;67.0;22.0;0.6294964028776978;0.8883248730964467;0.6412212600776351;0.2919759850601145
BOOKKEEPER;2;0.5435323;0.60183066;0.46321526;Naive Bayes;Undersampling;No Selection;Sensitive Learning;175.0;99.0;71.0;22.0;0.6386861313868614;0.8883248730964467;0.7510301582561959;0.3157732546493891
BOOKKEEPER;2;0.5435323;0.60183066;0.46321526;Random Forest;Undersampling;No Selection;No Sensitivity;112.0;38.0;132.0;85.0;0.7466666666666667;0.5685279187817259;0.7272170797252911;0.3385837155123153
BOOKKEEPER;2;0.5435323;0.60183066;0.46321526;Random Forest;Undersampling;No Selection;Sensitive Threshold;112.0;38.0;132.0;85.0;0.7466666666666667;0.5685279187817259;0.67249925350851;0.3385837155123153
BOOKKEEPER;2;0.5435323;0.60183066;0.46321526;Random Forest;Undersampling;No Selection;Sensitive Learning;121.0;40.0;130.0;76.0;0.7515527950310559;0.6142131979695431;0.7621827411167512;0.37349894042853776
BOOKKEEPER;2;0.5435323;0.60183066;0.46321526;IBk;Oversampling;No Selection;No Sensitivity;83.0;36.0;134.0;114.0;0.6974789915966386;0.4213197969543147;0.569767094655121;0.2031670671337173
BOOKKEEPER;2;0.5435323;0.60183066;0.46321526;IBk;Oversampling;No Selection;Sensitive Threshold;83.0;36.0;134.0;114.0;0.6974789915966386;0.4213197969543147;0.6047775455359808;0.2031670671337173
BOOKKEEPER;2;0.5435323;0.60183066;0.46321526;IBk;Oversampling;No Selection;Sensitive Learning;50.0;13.0;157.0;147.0;0.7936507936507936;0.25380710659898476;0.5958047178262168;0.16824839230573105
BOOKKEEPER;2;0.5435323;0.60183066;0.46321526;Naive Bayes;Oversampling;No Selection;No Sensitivity;176.0;103.0;67.0;21.0;0.6308243727598566;0.8934010152284264;0.729755150791281;0.2973473736219622
BOOKKEEPER;2;0.5435323;0.60183066;0.46321526;Naive Bayes;Oversampling;No Selection;Sensitive Threshold;176.0;103.0;67.0;21.0;0.6308243727598566;0.8934010152284264;0.6437593311436249;0.2973473736219622
BOOKKEEPER;2;0.5435323;0.60183066;0.46321526;Naive Bayes;Oversampling;No Selection;Sensitive Learning;171.0;85.0;85.0;26.0;0.66796875;0.868020304568528;0.7386533293520454;0.37698625108966605
BOOKKEEPER;2;0.5435323;0.60183066;0.46321526;Random Forest;Oversampling;No Selection;No Sensitivity;100.0;39.0;131.0;97.0;0.7194244604316546;0.5076142131979695;0.7094057927739624;0.27184664313016066
BOOKKEEPER;2;0.5435323;0.60183066;0.46321526;Random Forest;Oversampling;No Selection;Sensitive Threshold;100.0;39.0;131.0;97.0;0.7194244604316546;0.5076142131979695;0.6391012242460435;0.27184664313016066
BOOKKEEPER;2;0.5435323;0.60183066;0.46321526;Random Forest;Oversampling;No Selection;Sensitive Learning;83.0;25.0;145.0;114.0;0.7685185185185185;0.4213197969543147;0.7176470588235294;0.26476226164910704
BOOKKEEPER;2;0.5435323;0.60183066;0.46321526;IBk;SMOTE;No Selection;No Sensitivity;76.0;32.0;138.0;121.0;0.7037037037037037;0.38578680203045684;0.5925948044192296;0.19070953980081565
BOOKKEEPER;2;0.5435323;0.60183066;0.46321526;IBk;SMOTE;No Selection;Sensitive Threshold;76.0;32.0;138.0;121.0;0.7037037037037037;0.38578680203045684;0.5987757539564049;0.19070953980081565
BOOKKEEPER;2;0.5435323;0.60183066;0.46321526;IBk;SMOTE;No Selection;Sensitive Learning;50.0;10.0;160.0;147.0;0.8333333333333334;0.25380710659898476;0.5669154971633323;0.18477907157713042
BOOKKEEPER;2;0.5435323;0.60183066;0.46321526;Naive Bayes;SMOTE;No Selection;No Sensitivity;168.0;80.0;90.0;29.0;0.6774193548387096;0.8527918781725888;0.7501343684681995;0.39022605673521044
BOOKKEEPER;2;0.5435323;0.60183066;0.46321526;Naive Bayes;SMOTE;No Selection;Sensitive Threshold;168.0;80.0;90.0;29.0;0.6774193548387096;0.8527918781725888;0.6911018214392356;0.39022605673521044
BOOKKEEPER;2;0.5435323;0.60183066;0.46321526;Naive Bayes;SMOTE;No Selection;Sensitive Learning;170.0;82.0;88.0;27.0;0.6746031746031746;0.8629441624365483;0.7448342788892207;0.3892205511871137
BOOKKEEPER;2;0.5435323;0.60183066;0.46321526;Random Forest;SMOTE;No Selection;No Sensitivity;115.0;33.0;137.0;82.0;0.777027027027027;0.583756345177665;0.7623618990743506;0.38209156259607935
BOOKKEEPER;2;0.5435323;0.60183066;0.46321526;Random Forest;SMOTE;No Selection;Sensitive Threshold;115.0;33.0;137.0;82.0;0.777027027027027;0.583756345177665;0.6948193490594208;0.38209156259607935
BOOKKEEPER;2;0.5435323;0.60183066;0.46321526;Random Forest;SMOTE;No Selection;Sensitive Learning;6.0;0.0;170.0;191.0;1.0;0.030456852791878174;0.7573305464317707;0.02827952368410101
BOOKKEEPER;2;0.5435323;0.60183066;0.46321526;IBk;No Balancing;Best First;No Sensitivity;92.0;33.0;137.0;105.0;0.736;0.467005076142132;0.6623618990743505;0.26519064476815035
BOOKKEEPER;2;0.5435323;0.60183066;0.46321526;IBk;No Balancing;Best First;Sensitive Threshold;92.0;33.0;137.0;105.0;0.736;0.467005076142132;0.6364437145416543;0.26519064476815035
BOOKKEEPER;2;0.5435323;0.60183066;0.46321526;IBk;No Balancing;Best First;Sensitive Learning;35.0;10.0;160.0;162.0;0.7777777777777778;0.17766497461928935;0.7153627948641386;0.11198019244837082
BOOKKEEPER;2;0.5435323;0.60183066;0.46321526;Naive Bayes;No Balancing;Best First;No Sensitivity;90.0;30.0;140.0;107.0;0.75;0.45685279187817257;0.7335921170498656;0.27194138345472724
BOOKKEEPER;2;0.5435323;0.60183066;0.46321526;Naive Bayes;No Balancing;Best First;Sensitive Threshold;90.0;30.0;140.0;107.0;0.75;0.45685279187817257;0.6401911018214392;0.27194138345472724
BOOKKEEPER;2;0.5435323;0.60183066;0.46321526;Naive Bayes;No Balancing;Best First;Sensitive Learning;0.0;0.0;170.0;197.0;NaN;0.0;0.7762317109584951;0.0
BOOKKEEPER;2;0.5435323;0.60183066;0.46321526;Random Forest;No Balancing;Best First;No Sensitivity;55.0;19.0;151.0;142.0;0.7432432432432432;0.27918781725888325;0.721737832188713;0.1595140894155132
BOOKKEEPER;2;0.5435323;0.60183066;0.46321526;Random Forest;No Balancing;Best First;Sensitive Threshold;55.0;19.0;151.0;142.0;0.7432432432432432;0.27918781725888325;0.5837115556882652;0.1595140894155132
BOOKKEEPER;2;0.5435323;0.60183066;0.46321526;Random Forest;No Balancing;Best First;Sensitive Learning;0.0;0.0;170.0;197.0;NaN;0.0;0.716482532099134;0.0
BOOKKEEPER;2;0.5435323;0.60183066;0.46321526;IBk;Undersampling;Best First;No Sensitivity;84.0;41.0;129.0;113.0;0.672;0.4263959390862944;0.5868318901164526;0.17999535720503743
BOOKKEEPER;2;0.5435323;0.60183066;0.46321526;IBk;Undersampling;Best First;Sensitive Threshold;84.0;41.0;129.0;113.0;0.672;0.4263959390862944;0.5926097342490295;0.17999535720503743
BOOKKEEPER;2;0.5435323;0.60183066;0.46321526;IBk;Undersampling;Best First;Sensitive Learning;47.0;38.0;132.0;150.0;0.5529411764705883;0.23857868020304568;0.45610630038817557;0.014399177189874799
BOOKKEEPER;2;0.5435323;0.60183066;0.46321526;Naive Bayes;Undersampling;Best First;No Sensitivity;156.0;58.0;112.0;41.0;0.7289719626168224;0.7918781725888325;0.7725888324873097;0.4538115782985824
BOOKKEEPER;2;0.5435323;0.60183066;0.46321526;Naive Bayes;Undersampling;Best First;Sensitive Threshold;156.0;58.0;112.0;41.0;0.7289719626168224;0.7918781725888325;0.7253508510002986;0.4538115782985824
BOOKKEEPER;2;0.5435323;0.60183066;0.46321526;Naive Bayes;Undersampling;Best First;Sensitive Learning;126.0;51.0;119.0;71.0;0.711864406779661;0.6395939086294417;0.7264556584054942;0.33687796208530796
BOOKKEEPER;2;0.5435323;0.60183066;0.46321526;Random Forest;Undersampling;Best First;No Sensitivity;120.0;44.0;126.0;77.0;0.7317073170731707;0.6091370558375635;0.7163630934607346;0.3457146645842849
BOOKKEEPER;2;0.5435323;0.60183066;0.46321526;Random Forest;Undersampling;Best First;Sensitive Threshold;120.0;44.0;126.0;77.0;0.7317073170731707;0.6091370558375635;0.6751567632128994;0.3457146645842849
BOOKKEEPER;2;0.5435323;0.60183066;0.46321526;Random Forest;Undersampling;Best First;Sensitive Learning;42.0;12.0;158.0;155.0;0.7777777777777778;0.2131979695431472;0.7467751567632129;0.13483717056506836
BOOKKEEPER;2;0.5435323;0.60183066;0.46321526;IBk;Oversampling;Best First;No Sensitivity;76.0;38.0;132.0;121.0;0.6666666666666666;0.38578680203045684;0.5405344879068379;0.1570043772843502
BOOKKEEPER;2;0.5435323;0.60183066;0.46321526;IBk;Oversampling;Best First;Sensitive Threshold;76.0;38.0;132.0;121.0;0.6666666666666666;0.38578680203045684;0.5811286951328755;0.1570043772843502
BOOKKEEPER;2;0.5435323;0.60183066;0.46321526;IBk;Oversampling;Best First;Sensitive Learning;19.0;10.0;160.0;178.0;0.6551724137931034;0.09644670050761421;0.5047775455359809;0.035236870071033044
BOOKKEEPER;2;0.5435323;0.60183066;0.46321526;Naive Bayes;Oversampling;Best First;No Sensitivity;154.0;60.0;110.0;43.0;0.719626168224299;0.7817258883248731;0.7573305464317707;0.4317433592399391
BOOKKEEPER;2;0.5435323;0.60183066;0.46321526;Naive Bayes;Oversampling;Best First;Sensitive Threshold;154.0;60.0;110.0;43.0;0.719626168224299;0.7817258883248731;0.7143923559271425;0.4317433592399391
BOOKKEEPER;2;0.5435323;0.60183066;0.46321526;Naive Bayes;Oversampling;Best First;Sensitive Learning;158.0;63.0;107.0;39.0;0.7149321266968326;0.8020304568527918;0.7465512093162138;0.43565699813061565
BOOKKEEPER;2;0.5435323;0.60183066;0.46321526;Random Forest;Oversampling;Best First;No Sensitivity;94.0;40.0;130.0;103.0;0.7014925373134329;0.47715736040609136;0.673245744998507;0.2358730944511583
BOOKKEEPER;2;0.5435323;0.60183066;0.46321526;Random Forest;Oversampling;Best First;Sensitive Threshold;94.0;40.0;130.0;103.0;0.7014925373134329;0.47715736040609136;0.6209316213795163;0.2358730944511583
BOOKKEEPER;2;0.5435323;0.60183066;0.46321526;Random Forest;Oversampling;Best First;Sensitive Learning;108.0;35.0;135.0;89.0;0.7552447552447552;0.5482233502538071;0.7197969543147208;0.33504778047283673
BOOKKEEPER;2;0.5435323;0.60183066;0.46321526;IBk;SMOTE;Best First;No Sensitivity;80.0;38.0;132.0;117.0;0.6779661016949152;0.40609137055837563;0.5853687667960585;0.1769276402413438
BOOKKEEPER;2;0.5435323;0.60183066;0.46321526;IBk;SMOTE;Best First;Sensitive Threshold;80.0;38.0;132.0;117.0;0.6779661016949152;0.40609137055837563;0.5912809793968349;0.1769276402413438
BOOKKEEPER;2;0.5435323;0.60183066;0.46321526;IBk;SMOTE;Best First;Sensitive Learning;19.0;9.0;161.0;178.0;0.6785714285714286;0.09644670050761421;0.6061660197073754;0.04073074933955807
BOOKKEEPER;2;0.5435323;0.60183066;0.46321526;Naive Bayes;SMOTE;Best First;No Sensitivity;155.0;62.0;108.0;42.0;0.7142857142857143;0.7868020304568528;0.7742311137653031;0.4255267910897051
BOOKKEEPER;2;0.5435323;0.60183066;0.46321526;Naive Bayes;SMOTE;Best First;Sensitive Threshold;155.0;62.0;108.0;42.0;0.7142857142857143;0.7868020304568528;0.7110480740519558;0.4255267910897051
BOOKKEEPER;2;0.5435323;0.60183066;0.46321526;Naive Bayes;SMOTE;Best First;Sensitive Learning;130.0;40.0;130.0;67.0;0.7647058823529411;0.6598984771573604;0.7424455061212302;0.4200327873694783
BOOKKEEPER;2;0.5435323;0.60183066;0.46321526;Random Forest;SMOTE;Best First;No Sensitivity;118.0;41.0;129.0;79.0;0.7421383647798742;0.5989847715736041;0.7436846819946252;0.3524100814634002
BOOKKEEPER;2;0.5435323;0.60183066;0.46321526;Random Forest;SMOTE;Best First;Sensitive Threshold;118.0;41.0;129.0;79.0;0.7421383647798742;0.5989847715736041;0.6789041504926844;0.3524100814634002
BOOKKEEPER;2;0.5435323;0.60183066;0.46321526;Random Forest;SMOTE;Best First;Sensitive Learning;5.0;1.0;169.0;192.0;0.8333333333333334;0.025380710659898477;0.7411167512690355;0.018104440162468618
BOOKKEEPER;3;0.6547231;0.53855723;0.254717;IBk;No Balancing;No Selection;No Sensitivity;246.0;39.0;69.0;70.0;0.8631578947368421;0.7784810126582279;0.8055555555555556;0.3813450417648319
BOOKKEEPER;3;0.6547231;0.53855723;0.254717;IBk;No Balancing;No Selection;Sensitive Threshold;246.0;39.0;69.0;70.0;0.8631578947368421;0.7784810126582279;0.7086849507735584;0.3813450417648319
BOOKKEEPER;3;0.6547231;0.53855723;0.254717;IBk;No Balancing;No Selection;Sensitive Learning;66.0;10.0;98.0;250.0;0.868421052631579;0.2088607594936709;0.6852437880918893;0.0671540752775522
BOOKKEEPER;3;0.6547231;0.53855723;0.254717;Naive Bayes;No Balancing;No Selection;No Sensitivity;249.0;60.0;48.0;67.0;0.8058252427184466;0.7879746835443038;0.7230426629160807;0.22756483819141607
BOOKKEEPER;3;0.6547231;0.53855723;0.254717;Naive Bayes;No Balancing;No Selection;Sensitive Threshold;249.0;60.0;48.0;67.0;0.8058252427184466;0.7879746835443038;0.6162095639943741;0.22756483819141607
BOOKKEEPER;3;0.6547231;0.53855723;0.254717;Naive Bayes;No Balancing;No Selection;Sensitive Learning;312.0;85.0;23.0;4.0;0.7858942065491183;0.9873417721518988;0.7174753867791842;0.26595082477435417
BOOKKEEPER;3;0.6547231;0.53855723;0.254717;Random Forest;No Balancing;No Selection;No Sensitivity;303.0;40.0;68.0;13.0;0.8833819241982507;0.9588607594936709;0.8496249413970933;0.6412515964240102
BOOKKEEPER;3;0.6547231;0.53855723;0.254717;Random Forest;No Balancing;No Selection;Sensitive Threshold;303.0;40.0;68.0;13.0;0.8833819241982507;0.9588607594936709;0.7942451945616502;0.6412515964240102
BOOKKEEPER;3;0.6547231;0.53855723;0.254717;Random Forest;No Balancing;No Selection;Sensitive Learning;0.0;0.0;108.0;316.0;NaN;0.0;0.7741590482887951;0.0
BOOKKEEPER;3;0.6547231;0.53855723;0.254717;IBk;Undersampling;No Selection;No Sensitivity;261.0;42.0;66.0;55.0;0.8613861386138614;0.8259493670886076;0.7185302390998594;0.4204058624577228
BOOKKEEPER;3;0.6547231;0.53855723;0.254717;IBk;Undersampling;No Selection;Sensitive Threshold;261.0;42.0;66.0;55.0;0.8613861386138614;0.8259493670886076;0.7185302390998594;0.4204058624577228
BOOKKEEPER;3;0.6547231;0.53855723;0.254717;IBk;Undersampling;No Selection;Sensitive Learning;205.0;66.0;42.0;111.0;0.7564575645756457;0.6487341772151899;0.5300779418659165;0.03308596165739015
BOOKKEEPER;3;0.6547231;0.53855723;0.254717;Naive Bayes;Undersampling;No Selection;No Sensitivity;291.0;92.0;16.0;25.0;0.7597911227154047;0.9208860759493671;0.6132647679324894;0.08674521354933733
BOOKKEEPER;3;0.6547231;0.53855723;0.254717;Naive Bayes;Undersampling;No Selection;Sensitive Threshold;291.0;92.0;16.0;25.0;0.7597911227154047;0.9208860759493671;0.5345171120487576;0.08674521354933733
BOOKKEEPER;3;0.6547231;0.53855723;0.254717;Naive Bayes;Undersampling;No Selection;Sensitive Learning;305.0;83.0;25.0;11.0;0.7860824742268041;0.9651898734177216;0.5903217299578059;0.2519519519519521
BOOKKEEPER;3;0.6547231;0.53855723;0.254717;Random Forest;Undersampling;No Selection;No Sensitivity;246.0;43.0;65.0;70.0;0.8512110726643599;0.7784810126582279;0.7828762306610408;0.3514186701321204
BOOKKEEPER;3;0.6547231;0.53855723;0.254717;Random Forest;Undersampling;No Selection;Sensitive Threshold;246.0;43.0;65.0;70.0;0.8512110726643599;0.7784810126582279;0.6901664322550398;0.3514186701321204
BOOKKEEPER;3;0.6547231;0.53855723;0.254717;Random Forest;Undersampling;No Selection;Sensitive Learning;289.0;67.0;41.0;27.0;0.8117977528089888;0.9145569620253164;0.7475240271917487;0.33502402562733585
BOOKKEEPER;3;0.6547231;0.53855723;0.254717;IBk;Oversampling;No Selection;No Sensitivity;268.0;43.0;65.0;48.0;0.8617363344051447;0.8481012658227848;0.7523148148148148;0.44320018471484635
BOOKKEEPER;3;0.6547231;0.53855723;0.254717;IBk;Oversampling;No Selection;Sensitive Threshold;268.0;43.0;65.0;48.0;0.8617363344051447;0.8481012658227848;0.7249765588373184;0.44320018471484635
BOOKKEEPER;3;0.6547231;0.53855723;0.254717;IBk;Oversampling;No Selection;Sensitive Learning;121.0;34.0;74.0;195.0;0.7806451612903226;0.3829113924050633;0.6134698781059541;0.045683283535147036
BOOKKEEPER;3;0.6547231;0.53855723;0.254717;Naive Bayes;Oversampling;No Selection;No Sensitivity;293.0;95.0;13.0;23.0;0.7551546391752577;0.9272151898734177;0.631094702297234;0.060960960960961146
BOOKKEEPER;3;0.6547231;0.53855723;0.254717;Naive Bayes;Oversampling;No Selection;Sensitive Threshold;293.0;95.0;13.0;23.0;0.7551546391752577;0.9272151898734177;0.523792780121894;0.060960960960961146
BOOKKEEPER;3;0.6547231;0.53855723;0.254717;Naive Bayes;Oversampling;No Selection;Sensitive Learning;296.0;91.0;17.0;20.0;0.7648578811369509;0.9367088607594937;0.6072286685419597;0.12010170505533928
BOOKKEEPER;3;0.6547231;0.53855723;0.254717;Random Forest;Oversampling;No Selection;No Sensitivity;240.0;37.0;71.0;76.0;0.8664259927797834;0.759493670886076;0.7752871542428504;0.372616802849361
BOOKKEEPER;3;0.6547231;0.53855723;0.254717;Random Forest;Oversampling;No Selection;Sensitive Threshold;240.0;37.0;71.0;76.0;0.8664259927797834;0.759493670886076;0.7084505391467417;0.372616802849361
BOOKKEEPER;3;0.6547231;0.53855723;0.254717;Random Forest;Oversampling;No Selection;Sensitive Learning;306.0;39.0;69.0;10.0;0.8869565217391304;0.9683544303797469;0.8426804969526489;0.6661095397274364
BOOKKEEPER;3;0.6547231;0.53855723;0.254717;IBk;SMOTE;No Selection;No Sensitivity;264.0;38.0;70.0;52.0;0.8741721854304636;0.8354430379746836;0.7417955930614158;0.4638039568345323
BOOKKEEPER;3;0.6547231;0.53855723;0.254717;IBk;SMOTE;No Selection;Sensitive Threshold;264.0;38.0;70.0;52.0;0.8741721854304636;0.8354430379746836;0.7417955930614158;0.4638039568345323
BOOKKEEPER;3;0.6547231;0.53855723;0.254717;IBk;SMOTE;No Selection;Sensitive Learning;259.0;27.0;81.0;57.0;0.9055944055944056;0.819620253164557;0.7775726676043132;0.5219072164948455
BOOKKEEPER;3;0.6547231;0.53855723;0.254717;Naive Bayes;SMOTE;No Selection;No Sensitivity;291.0;91.0;17.0;25.0;0.7617801047120419;0.9208860759493671;0.6257764885138303;0.09800469483568057
BOOKKEEPER;3;0.6547231;0.53855723;0.254717;Naive Bayes;SMOTE;No Selection;Sensitive Threshold;291.0;91.0;17.0;25.0;0.7617801047120419;0.9208860759493671;0.5391467416783873;0.09800469483568057
BOOKKEEPER;3;0.6547231;0.53855723;0.254717;Naive Bayes;SMOTE;No Selection;Sensitive Learning;299.0;90.0;18.0;17.0;0.7686375321336761;0.9462025316455697;0.6917194092827004;0.14516129032258068
BOOKKEEPER;3;0.6547231;0.53855723;0.254717;Random Forest;SMOTE;No Selection;No Sensitivity;299.0;73.0;35.0;17.0;0.803763440860215;0.9462025316455697;0.7579406938584153;0.3258903335217636
BOOKKEEPER;3;0.6547231;0.53855723;0.254717;Random Forest;SMOTE;No Selection;Sensitive Threshold;299.0;73.0;35.0;17.0;0.803763440860215;0.9462025316455697;0.6351383028598219;0.3258903335217636
BOOKKEEPER;3;0.6547231;0.53855723;0.254717;Random Forest;SMOTE;No Selection;Sensitive Learning;82.0;3.0;105.0;234.0;0.9647058823529412;0.25949367088607594;0.8343442334739803;0.13598844407758973
BOOKKEEPER;3;0.6547231;0.53855723;0.254717;IBk;No Balancing;Best First;No Sensitivity;246.0;70.0;38.0;70.0;0.7784810126582279;0.7784810126582279;0.7388068448195031;0.1303328645100797
BOOKKEEPER;3;0.6547231;0.53855723;0.254717;IBk;No Balancing;Best First;Sensitive Threshold;246.0;70.0;38.0;70.0;0.7784810126582279;0.7784810126582279;0.5651664322550398;0.1303328645100797
BOOKKEEPER;3;0.6547231;0.53855723;0.254717;IBk;No Balancing;Best First;Sensitive Learning;65.0;10.0;98.0;251.0;0.8666666666666667;0.20569620253164558;0.7111023206751055;0.06521151506960397
BOOKKEEPER;3;0.6547231;0.53855723;0.254717;Naive Bayes;No Balancing;Best First;No Sensitivity;246.0;66.0;42.0;70.0;0.7884615384615384;0.7784810126582279;0.7397005391467417;0.16535433070866126
BOOKKEEPER;3;0.6547231;0.53855723;0.254717;Naive Bayes;No Balancing;Best First;Sensitive Threshold;246.0;66.0;42.0;70.0;0.7884615384615384;0.7784810126582279;0.5836849507735584;0.16535433070866126
BOOKKEEPER;3;0.6547231;0.53855723;0.254717;Naive Bayes;No Balancing;Best First;Sensitive Learning;179.0;14.0;94.0;137.0;0.927461139896373;0.5664556962025317;0.7882676980778247;0.31773231031543053
BOOKKEEPER;3;0.6547231;0.53855723;0.254717;Random Forest;No Balancing;Best First;No Sensitivity;210.0;29.0;79.0;106.0;0.8786610878661087;0.6645569620253164;0.7758731833098922;0.32077083728877914
BOOKKEEPER;3;0.6547231;0.53855723;0.254717;Random Forest;No Balancing;Best First;Sensitive Threshold;210.0;29.0;79.0;106.0;0.8786610878661087;0.6645569620253164;0.6980192217533989;0.32077083728877914
BOOKKEEPER;3;0.6547231;0.53855723;0.254717;Random Forest;No Balancing;Best First;Sensitive Learning;0.0;0.0;108.0;316.0;NaN;0.0;0.7688261837787155;0.0
BOOKKEEPER;3;0.6547231;0.53855723;0.254717;IBk;Undersampling;Best First;No Sensitivity;230.0;37.0;71.0;86.0;0.8614232209737828;0.7278481012658228;0.6931698312236287;0.3352029369773608
BOOKKEEPER;3;0.6547231;0.53855723;0.254717;IBk;Undersampling;Best First;Sensitive Threshold;230.0;37.0;71.0;86.0;0.8614232209737828;0.7278481012658228;0.692627754336615;0.3352029369773608
BOOKKEEPER;3;0.6547231;0.53855723;0.254717;IBk;Undersampling;Best First;Sensitive Learning;241.0;59.0;49.0;75.0;0.8033333333333333;0.7626582278481012;0.6960560243788092;0.20630308448815377
BOOKKEEPER;3;0.6547231;0.53855723;0.254717;Naive Bayes;Undersampling;Best First;No Sensitivity;299.0;88.0;20.0;17.0;0.772609819121447;0.9462025316455697;0.6587259728082513;0.16766377505234814
BOOKKEEPER;3;0.6547231;0.53855723;0.254717;Naive Bayes;Undersampling;Best First;Sensitive Threshold;299.0;88.0;20.0;17.0;0.772609819121447;0.9462025316455697;0.5656938584153774;0.16766377505234814
BOOKKEEPER;3;0.6547231;0.53855723;0.254717;Naive Bayes;Undersampling;Best First;Sensitive Learning;268.0;65.0;43.0;48.0;0.8048048048048048;0.8481012658227848;0.6717065166432254;0.25970333745364654
BOOKKEEPER;3;0.6547231;0.53855723;0.254717;Random Forest;Undersampling;Best First;No Sensitivity;271.0;34.0;74.0;45.0;0.8885245901639345;0.8575949367088608;0.7698370839193625;0.5251757768201406
BOOKKEEPER;3;0.6547231;0.53855723;0.254717;Random Forest;Undersampling;Best First;Sensitive Threshold;271.0;34.0;74.0;45.0;0.8885245901639345;0.8575949367088608;0.771390060947023;0.5251757768201406
BOOKKEEPER;3;0.6547231;0.53855723;0.254717;Random Forest;Undersampling;Best First;Sensitive Learning;229.0;62.0;46.0;87.0;0.7869415807560137;0.7246835443037974;0.6942100328176277;0.1399477238074496
BOOKKEEPER;3;0.6547231;0.53855723;0.254717;IBk;Oversampling;Best First;No Sensitivity;229.0;34.0;74.0;87.0;0.870722433460076;0.7246835443037974;0.6817715658696671;0.3528758829465187
BOOKKEEPER;3;0.6547231;0.53855723;0.254717;IBk;Oversampling;Best First;Sensitive Threshold;229.0;34.0;74.0;87.0;0.870722433460076;0.7246835443037974;0.7049343647444913;0.3528758829465187
BOOKKEEPER;3;0.6547231;0.53855723;0.254717;IBk;Oversampling;Best First;Sensitive Learning;196.0;23.0;85.0;120.0;0.8949771689497716;0.620253164556962;0.6645423112986404;0.3143658404197576
BOOKKEEPER;3;0.6547231;0.53855723;0.254717;Naive Bayes;Oversampling;Best First;No Sensitivity;300.0;89.0;19.0;16.0;0.7712082262210797;0.9493670886075949;0.6471665494608533;0.16113958396141112
BOOKKEEPER;3;0.6547231;0.53855723;0.254717;Naive Bayes;Oversampling;Best First;Sensitive Threshold;300.0;89.0;19.0;16.0;0.7712082262210797;0.9493670886075949;0.5626465072667605;0.16113958396141112
BOOKKEEPER;3;0.6547231;0.53855723;0.254717;Naive Bayes;Oversampling;Best First;Sensitive Learning;258.0;61.0;47.0;58.0;0.8087774294670846;0.8164556962025317;0.6159458509142054;0.25396262124438135
BOOKKEEPER;3;0.6547231;0.53855723;0.254717;Random Forest;Oversampling;Best First;No Sensitivity;278.0;44.0;64.0;38.0;0.8633540372670807;0.879746835443038;0.7336058368495078;0.4811365807067812
BOOKKEEPER;3;0.6547231;0.53855723;0.254717;Random Forest;Oversampling;Best First;Sensitive Threshold;278.0;44.0;64.0;38.0;0.8633540372670807;0.879746835443038;0.7361697140178153;0.4811365807067812
BOOKKEEPER;3;0.6547231;0.53855723;0.254717;Random Forest;Oversampling;Best First;Sensitive Learning;239.0;28.0;80.0;77.0;0.8951310861423221;0.7563291139240507;0.7831106422878574;0.4324903120538447
BOOKKEEPER;3;0.6547231;0.53855723;0.254717;IBk;SMOTE;Best First;No Sensitivity;220.0;36.0;72.0;96.0;0.859375;0.6962025316455697;0.6814345991561181;0.3067776456599286
BOOKKEEPER;3;0.6547231;0.53855723;0.254717;IBk;SMOTE;Best First;Sensitive Threshold;220.0;36.0;72.0;96.0;0.859375;0.6962025316455697;0.6814345991561181;0.3067776456599286
BOOKKEEPER;3;0.6547231;0.53855723;0.254717;IBk;SMOTE;Best First;Sensitive Learning;96.0;15.0;93.0;220.0;0.8648648648648649;0.3037974683544304;0.4451037271448664;0.10150050497763664
BOOKKEEPER;3;0.6547231;0.53855723;0.254717;Naive Bayes;SMOTE;Best First;No Sensitivity;298.0;89.0;19.0;18.0;0.7700258397932817;0.9430379746835443;0.661333802156587;0.15180975172001174
BOOKKEEPER;3;0.6547231;0.53855723;0.254717;Naive Bayes;SMOTE;Best First;Sensitive Threshold;298.0;89.0;19.0;18.0;0.7700258397932817;0.9430379746835443;0.5594819503047351;0.15180975172001174
BOOKKEEPER;3;0.6547231;0.53855723;0.254717;Naive Bayes;SMOTE;Best First;Sensitive Learning;277.0;71.0;37.0;39.0;0.7959770114942529;0.8765822784810127;0.6367498827941865;0.2428571428571428
BOOKKEEPER;3;0.6547231;0.53855723;0.254717;Random Forest;SMOTE;Best First;No Sensitivity;272.0;38.0;70.0;44.0;0.8774193548387097;0.8607594936708861;0.7609587435536803;0.49976979742173105
BOOKKEEPER;3;0.6547231;0.53855723;0.254717;Random Forest;SMOTE;Best First;Sensitive Threshold;272.0;38.0;70.0;44.0;0.8774193548387097;0.8607594936708861;0.7544538209095171;0.49976979742173105
BOOKKEEPER;3;0.6547231;0.53855723;0.254717;Random Forest;SMOTE;Best First;Sensitive Learning;21.0;5.0;103.0;295.0;0.8076923076923077;0.06645569620253164;0.8176717065166432;0.01070184171229464
BOOKKEEPER;4;0.7357699;0.44055375;0.2244898;IBk;No Balancing;No Selection;No Sensitivity;324.0;46.0;53.0;18.0;0.8756756756756757;0.9473684210526315;0.8558981629157068;0.5366430260047282
BOOKKEEPER;4;0.7357699;0.44055375;0.2244898;IBk;No Balancing;No Selection;Sensitive Threshold;324.0;46.0;53.0;18.0;0.8756756756756757;0.9473684210526315;0.7413609782030834;0.5366430260047282
BOOKKEEPER;4;0.7357699;0.44055375;0.2244898;IBk;No Balancing;No Selection;Sensitive Learning;159.0;6.0;93.0;183.0;0.9636363636363636;0.4649122807017544;0.863237639553429;0.24725676664228233
BOOKKEEPER;4;0.7357699;0.44055375;0.2244898;Naive Bayes;No Balancing;No Selection;No Sensitivity;307.0;35.0;64.0;35.0;0.8976608187134503;0.8976608187134503;0.9019434107153406;0.5441254651780968
BOOKKEEPER;4;0.7357699;0.44055375;0.2244898;Naive Bayes;No Balancing;No Selection;Sensitive Threshold;307.0;35.0;64.0;35.0;0.8976608187134503;0.8976608187134503;0.7720627325890483;0.5441254651780968
BOOKKEEPER;4;0.7357699;0.44055375;0.2244898;Naive Bayes;No Balancing;No Selection;Sensitive Learning;310.0;36.0;63.0;32.0;0.8959537572254336;0.9064327485380117;0.9125169826924213;0.5507011866235167
BOOKKEEPER;4;0.7357699;0.44055375;0.2244898;Random Forest;No Balancing;No Selection;No Sensitivity;322.0;39.0;60.0;20.0;0.8919667590027701;0.9415204678362573;0.9306072420107507;0.5876479817429753
BOOKKEEPER;4;0.7357699;0.44055375;0.2244898;Random Forest;No Balancing;No Selection;Sensitive Threshold;322.0;39.0;60.0;20.0;0.8919667590027701;0.9415204678362573;0.7737905369484317;0.5876479817429753
BOOKKEEPER;4;0.7357699;0.44055375;0.2244898;Random Forest;No Balancing;No Selection;Sensitive Learning;129.0;2.0;97.0;213.0;0.9847328244274809;0.37719298245614036;0.9123397719888948;0.20316163678995547
BOOKKEEPER;4;0.7357699;0.44055375;0.2244898;IBk;Undersampling;No Selection;No Sensitivity;299.0;16.0;83.0;43.0;0.9492063492063492;0.8742690058479532;0.8577441077441077;0.6497031382527566
BOOKKEEPER;4;0.7357699;0.44055375;0.2244898;IBk;Undersampling;No Selection;Sensitive Threshold;299.0;16.0;83.0;43.0;0.9492063492063492;0.8742690058479532;0.8563264221158958;0.6497031382527566
BOOKKEEPER;4;0.7357699;0.44055375;0.2244898;IBk;Undersampling;No Selection;Sensitive Learning;301.0;38.0;61.0;41.0;0.887905604719764;0.8801169590643275;0.7425128477760057;0.4909927679158448
BOOKKEEPER;4;0.7357699;0.44055375;0.2244898;Naive Bayes;Undersampling;No Selection;No Sensitivity;333.0;90.0;9.0;9.0;0.7872340425531915;0.9736842105263158;0.9044391281233386;0.09106239460370988
BOOKKEEPER;4;0.7357699;0.44055375;0.2244898;Naive Bayes;Undersampling;No Selection;Sensitive Threshold;333.0;90.0;9.0;9.0;0.7872340425531915;0.9736842105263158;0.5322966507177034;0.09106239460370988
BOOKKEEPER;4;0.7357699;0.44055375;0.2244898;Naive Bayes;Undersampling;No Selection;Sensitive Learning;318.0;56.0;43.0;24.0;0.8502673796791443;0.9298245614035088;0.8757752968279284;0.4114114114114112
BOOKKEEPER;4;0.7357699;0.44055375;0.2244898;Random Forest;Undersampling;No Selection;No Sensitivity;322.0;21.0;78.0;20.0;0.9387755102040817;0.9415204678362573;0.9533640498552779;0.7320261437908498
BOOKKEEPER;4;0.7357699;0.44055375;0.2244898;Random Forest;Undersampling;No Selection;Sensitive Threshold;322.0;21.0;78.0;20.0;0.9387755102040817;0.9415204678362573;0.8646996278575226;0.7320261437908498
BOOKKEEPER;4;0.7357699;0.44055375;0.2244898;Random Forest;Undersampling;No Selection;Sensitive Learning;313.0;37.0;62.0;29.0;0.8942857142857142;0.9152046783625731;0.8752879673932306;0.5574712643678159
BOOKKEEPER;4;0.7357699;0.44055375;0.2244898;IBk;Oversampling;No Selection;No Sensitivity;261.0;25.0;74.0;81.0;0.9125874125874126;0.7631578947368421;0.7163447338885935;0.42518813634351493
BOOKKEEPER;4;0.7357699;0.44055375;0.2244898;IBk;Oversampling;No Selection;Sensitive Threshold;261.0;25.0;74.0;81.0;0.9125874125874126;0.7631578947368421;0.7553163211057948;0.42518813634351493
BOOKKEEPER;4;0.7357699;0.44055375;0.2244898;IBk;Oversampling;No Selection;Sensitive Learning;270.0;13.0;86.0;72.0;0.9540636042402827;0.7894736842105263;0.8127916592828873;0.5431611275638916
BOOKKEEPER;4;0.7357699;0.44055375;0.2244898;Naive Bayes;Oversampling;No Selection;No Sensitivity;329.0;72.0;27.0;13.0;0.8204488778054863;0.9619883040935673;0.8848721129422884;0.2977575451020064
BOOKKEEPER;4;0.7357699;0.44055375;0.2244898;Naive Bayes;Oversampling;No Selection;Sensitive Threshold;329.0;72.0;27.0;13.0;0.8204488778054863;0.9619883040935673;0.61735778841042;0.2977575451020064
BOOKKEEPER;4;0.7357699;0.44055375;0.2244898;Naive Bayes;Oversampling;No Selection;Sensitive Learning;328.0;77.0;22.0;14.0;0.8098765432098766;0.9590643274853801;0.8728660877783685;0.23424351708741178
BOOKKEEPER;4;0.7357699;0.44055375;0.2244898;Random Forest;Oversampling;No Selection;No Sensitivity;309.0;20.0;79.0;33.0;0.939209726443769;0.9035087719298246;0.9079685746352413;0.6702222222222223
BOOKKEEPER;4;0.7357699;0.44055375;0.2244898;Random Forest;Oversampling;No Selection;Sensitive Threshold;309.0;20.0;79.0;33.0;0.939209726443769;0.9035087719298246;0.8507442849548112;0.6702222222222223
BOOKKEEPER;4;0.7357699;0.44055375;0.2244898;Random Forest;Oversampling;No Selection;Sensitive Learning;294.0;13.0;86.0;48.0;0.9576547231270358;0.8596491228070176;0.9253352235808376;0.6470657692761839
BOOKKEEPER;4;0.7357699;0.44055375;0.2244898;IBk;SMOTE;No Selection;No Sensitivity;303.0;17.0;82.0;39.0;0.946875;0.8859649122807017;0.8583791127650777;0.6619857107661986
BOOKKEEPER;4;0.7357699;0.44055375;0.2244898;IBk;SMOTE;No Selection;Sensitive Threshold;303.0;17.0;82.0;39.0;0.946875;0.8859649122807017;0.8571238702817651;0.6619857107661986
BOOKKEEPER;4;0.7357699;0.44055375;0.2244898;IBk;SMOTE;No Selection;Sensitive Learning;243.0;6.0;93.0;99.0;0.9759036144578314;0.7105263157894737;0.8505670742512847;0.48729446935724957
BOOKKEEPER;4;0.7357699;0.44055375;0.2244898;Naive Bayes;SMOTE;No Selection;No Sensitivity;331.0;85.0;14.0;11.0;0.7956730769230769;0.9678362573099415;0.9032429558745348;0.1487513572204124
BOOKKEEPER;4;0.7357699;0.44055375;0.2244898;Naive Bayes;SMOTE;No Selection;Sensitive Threshold;331.0;85.0;14.0;11.0;0.7956730769230769;0.9678362573099415;0.5546251993620415;0.1487513572204124
BOOKKEEPER;4;0.7357699;0.44055375;0.2244898;Naive Bayes;SMOTE;No Selection;Sensitive Learning;328.0;75.0;24.0;14.0;0.8138957816377171;0.9590643274853801;0.8665308051272964;0.25795473881231923
BOOKKEEPER;4;0.7357699;0.44055375;0.2244898;Random Forest;SMOTE;No Selection;No Sensitivity;309.0;23.0;76.0;33.0;0.9307228915662651;0.9035087719298246;0.9440604879201371;0.6479343084423915
BOOKKEEPER;4;0.7357699;0.44055375;0.2244898;Random Forest;SMOTE;No Selection;Sensitive Threshold;309.0;23.0;76.0;33.0;0.9307228915662651;0.9035087719298246;0.8355927698032961;0.6479343084423915
BOOKKEEPER;4;0.7357699;0.44055375;0.2244898;Random Forest;SMOTE;No Selection;Sensitive Learning;144.0;2.0;97.0;198.0;0.9863013698630136;0.42105263157894735;0.9170506231909741;0.23533083645443187
BOOKKEEPER;4;0.7357699;0.44055375;0.2244898;IBk;No Balancing;Best First;No Sensitivity;320.0;43.0;56.0;22.0;0.8815426997245179;0.935672514619883;0.8700750191978263;0.542187724593934
BOOKKEEPER;4;0.7357699;0.44055375;0.2244898;IBk;No Balancing;Best First;Sensitive Threshold;320.0;43.0;56.0;22.0;0.8815426997245179;0.935672514619883;0.7506645401382244;0.542187724593934
BOOKKEEPER;4;0.7357699;0.44055375;0.2244898;IBk;No Balancing;Best First;Sensitive Learning;194.0;7.0;92.0;148.0;0.9651741293532339;0.5672514619883041;0.8571829405162739;0.32971494131144646
BOOKKEEPER;4;0.7357699;0.44055375;0.2244898;Naive Bayes;No Balancing;Best First;No Sensitivity;310.0;37.0;62.0;32.0;0.8933717579250721;0.9064327485380117;0.9100508004016776;0.5424279334145352
BOOKKEEPER;4;0.7357699;0.44055375;0.2244898;Naive Bayes;No Balancing;Best First;Sensitive Threshold;310.0;37.0;62.0;32.0;0.8933717579250721;0.9064327485380117;0.766347687400319;0.5424279334145352
BOOKKEEPER;4;0.7357699;0.44055375;0.2244898;Naive Bayes;No Balancing;Best First;Sensitive Learning;290.0;32.0;67.0;52.0;0.9006211180124224;0.847953216374269;0.914126646582787;0.4895833333333334
BOOKKEEPER;4;0.7357699;0.44055375;0.2244898;Random Forest;No Balancing;Best First;No Sensitivity;320.0;35.0;64.0;22.0;0.9014084507042254;0.935672514619883;0.9273288439955106;0.6106231702216645
BOOKKEEPER;4;0.7357699;0.44055375;0.2244898;Random Forest;No Balancing;Best First;Sensitive Threshold;320.0;35.0;64.0;22.0;0.9014084507042254;0.935672514619883;0.7910685805422647;0.6106231702216645
BOOKKEEPER;4;0.7357699;0.44055375;0.2244898;Random Forest;No Balancing;Best First;Sensitive Learning;69.0;1.0;98.0;273.0;0.9857142857142858;0.20175438596491227;0.9212889125169826;0.09698681732580039
BOOKKEEPER;4;0.7357699;0.44055375;0.2244898;IBk;Undersampling;Best First;No Sensitivity;277.0;17.0;82.0;65.0;0.9421768707482994;0.8099415204678363;0.8350463701340894;0.5444444444444444
BOOKKEEPER;4;0.7357699;0.44055375;0.2244898;IBk;Undersampling;Best First;Sensitive Threshold;277.0;17.0;82.0;65.0;0.9421768707482994;0.8099415204678363;0.8191121743753322;0.5444444444444444
BOOKKEEPER;4;0.7357699;0.44055375;0.2244898;IBk;Undersampling;Best First;Sensitive Learning;285.0;30.0;69.0;57.0;0.9047619047619048;0.8333333333333334;0.7881889066099592;0.4834605597964377
BOOKKEEPER;4;0.7357699;0.44055375;0.2244898;Naive Bayes;Undersampling;Best First;No Sensitivity;319.0;46.0;53.0;23.0;0.873972602739726;0.9327485380116959;0.9018252702463229;0.5102129508909171
BOOKKEEPER;4;0.7357699;0.44055375;0.2244898;Naive Bayes;Undersampling;Best First;Sensitive Threshold;319.0;46.0;53.0;23.0;0.873972602739726;0.9327485380116959;0.7340510366826156;0.5102129508909171
BOOKKEEPER;4;0.7357699;0.44055375;0.2244898;Naive Bayes;Undersampling;Best First;Sensitive Learning;297.0;41.0;58.0;45.0;0.878698224852071;0.868421052631579;0.8032518164097111;0.4478511530398325
BOOKKEEPER;4;0.7357699;0.44055375;0.2244898;Random Forest;Undersampling;Best First;No Sensitivity;314.0;14.0;85.0;28.0;0.9573170731707317;0.9181286549707602;0.9456110815759938;0.7395596051632498
BOOKKEEPER;4;0.7357699;0.44055375;0.2244898;Random Forest;Undersampling;Best First;Sensitive Threshold;314.0;14.0;85.0;28.0;0.9573170731707317;0.9181286549707602;0.8883572567783095;0.7395596051632498
BOOKKEEPER;4;0.7357699;0.44055375;0.2244898;Random Forest;Undersampling;Best First;Sensitive Learning;312.0;33.0;66.0;30.0;0.9043478260869565;0.9122807017543859;0.871625612853683;0.5852478839177749
BOOKKEEPER;4;0.7357699;0.44055375;0.2244898;IBk;Oversampling;Best First;No Sensitivity;283.0;20.0;79.0;59.0;0.933993399339934;0.827485380116959;0.816675527201843;0.5486766934825695
BOOKKEEPER;4;0.7357699;0.44055375;0.2244898;IBk;Oversampling;Best First;Sensitive Threshold;283.0;20.0;79.0;59.0;0.933993399339934;0.827485380116959;0.8127325890483785;0.5486766934825695
BOOKKEEPER;4;0.7357699;0.44055375;0.2244898;IBk;Oversampling;Best First;Sensitive Learning;221.0;12.0;87.0;121.0;0.9484978540772532;0.6461988304093568;0.7642506940752555;0.37737651667144356
BOOKKEEPER;4;0.7357699;0.44055375;0.2244898;Naive Bayes;Oversampling;Best First;No Sensitivity;315.0;55.0;44.0;27.0;0.8513513513513513;0.9210526315789473;0.8696615275562644;0.4063238770685579
BOOKKEEPER;4;0.7357699;0.44055375;0.2244898;Naive Bayes;Oversampling;Best First;Sensitive Threshold;315.0;55.0;44.0;27.0;0.8513513513513513;0.9210526315789473;0.6827485380116959;0.4063238770685579
BOOKKEEPER;4;0.7357699;0.44055375;0.2244898;Naive Bayes;Oversampling;Best First;Sensitive Learning;293.0;35.0;64.0;49.0;0.8932926829268293;0.8567251461988304;0.8207661409415795;0.4791192103264997
BOOKKEEPER;4;0.7357699;0.44055375;0.2244898;Random Forest;Oversampling;Best First;No Sensitivity;315.0;21.0;78.0;27.0;0.9375;0.9210526315789473;0.9184683088191861;0.6939890710382514
BOOKKEEPER;4;0.7357699;0.44055375;0.2244898;Random Forest;Oversampling;Best First;Sensitive Threshold;315.0;21.0;78.0;27.0;0.9375;0.9210526315789473;0.8544657097288676;0.6939890710382514
BOOKKEEPER;4;0.7357699;0.44055375;0.2244898;Random Forest;Oversampling;Best First;Sensitive Learning;254.0;16.0;83.0;88.0;0.9407407407407408;0.7426900584795322;0.8908382066276803;0.4617659484579637
BOOKKEEPER;4;0.7357699;0.44055375;0.2244898;IBk;SMOTE;Best First;No Sensitivity;288.0;20.0;79.0;54.0;0.935064935064935;0.8421052631578947;0.8389154704944178;0.5704809286898838
BOOKKEEPER;4;0.7357699;0.44055375;0.2244898;IBk;SMOTE;Best First;Sensitive Threshold;288.0;20.0;79.0;54.0;0.935064935064935;0.8421052631578947;0.8200425305688464;0.5704809286898838
BOOKKEEPER;4;0.7357699;0.44055375;0.2244898;IBk;SMOTE;Best First;Sensitive Learning;198.0;7.0;92.0;144.0;0.9658536585365853;0.5789473684210527;0.745525429735956;0.3407288603760136
BOOKKEEPER;4;0.7357699;0.44055375;0.2244898;Naive Bayes;SMOTE;Best First;No Sensitivity;313.0;34.0;65.0;29.0;0.9020172910662824;0.9152046783625731;0.905812511075669;0.5822168087697928
BOOKKEEPER;4;0.7357699;0.44055375;0.2244898;Naive Bayes;SMOTE;Best First;Sensitive Threshold;313.0;34.0;65.0;29.0;0.9020172910662824;0.9152046783625731;0.7858851674641149;0.5822168087697928
BOOKKEEPER;4;0.7357699;0.44055375;0.2244898;Naive Bayes;SMOTE;Best First;Sensitive Learning;285.0;26.0;73.0;57.0;0.9163987138263665;0.8333333333333334;0.8539340776182881;0.5135749312283221
BOOKKEEPER;4;0.7357699;0.44055375;0.2244898;Random Forest;SMOTE;Best First;No Sensitivity;306.0;15.0;84.0;36.0;0.9532710280373832;0.8947368421052632;0.9495835548467128;0.6911383018168334
BOOKKEEPER;4;0.7357699;0.44055375;0.2244898;Random Forest;SMOTE;Best First;Sensitive Threshold;306.0;15.0;84.0;36.0;0.9532710280373832;0.8947368421052632;0.8716108452950558;0.6911383018168334
BOOKKEEPER;4;0.7357699;0.44055375;0.2244898;Random Forest;SMOTE;Best First;Sensitive Learning;78.0;2.0;97.0;264.0;0.975;0.22807017543859648;0.9206539074960127;0.10713796410467183
BOOKKEEPER;4;0.7357699;0.44055375;0.2244898;IBk;No Balancing;No Selection;No Sensitivity;324.0;46.0;53.0;18.0;0.8756756756756757;0.9473684210526315;0.8558981629157068;0.5366430260047282
BOOKKEEPER;4;0.7357699;0.44055375;0.2244898;IBk;No Balancing;No Selection;Sensitive Threshold;324.0;46.0;53.0;18.0;0.8756756756756757;0.9473684210526315;0.7413609782030834;0.5366430260047282
BOOKKEEPER;4;0.7357699;0.44055375;0.2244898;IBk;No Balancing;No Selection;Sensitive Learning;159.0;6.0;93.0;183.0;0.9636363636363636;0.4649122807017544;0.863237639553429;0.24725676664228233
BOOKKEEPER;4;0.7357699;0.44055375;0.2244898;Naive Bayes;No Balancing;No Selection;No Sensitivity;307.0;35.0;64.0;35.0;0.8976608187134503;0.8976608187134503;0.9019434107153406;0.5441254651780968
BOOKKEEPER;4;0.7357699;0.44055375;0.2244898;Naive Bayes;No Balancing;No Selection;Sensitive Threshold;307.0;35.0;64.0;35.0;0.8976608187134503;0.8976608187134503;0.7720627325890483;0.5441254651780968
BOOKKEEPER;4;0.7357699;0.44055375;0.2244898;Naive Bayes;No Balancing;No Selection;Sensitive Learning;310.0;36.0;63.0;32.0;0.8959537572254336;0.9064327485380117;0.9125169826924213;0.5507011866235167
BOOKKEEPER;4;0.7357699;0.44055375;0.2244898;Random Forest;No Balancing;No Selection;No Sensitivity;322.0;39.0;60.0;20.0;0.8919667590027701;0.9415204678362573;0.9306072420107507;0.5876479817429753
BOOKKEEPER;4;0.7357699;0.44055375;0.2244898;Random Forest;No Balancing;No Selection;Sensitive Threshold;322.0;39.0;60.0;20.0;0.8919667590027701;0.9415204678362573;0.7737905369484317;0.5876479817429753
BOOKKEEPER;4;0.7357699;0.44055375;0.2244898;Random Forest;No Balancing;No Selection;Sensitive Learning;129.0;2.0;97.0;213.0;0.9847328244274809;0.37719298245614036;0.9123397719888948;0.20316163678995547
BOOKKEEPER;4;0.7357699;0.44055375;0.2244898;IBk;Undersampling;No Selection;No Sensitivity;299.0;16.0;83.0;43.0;0.9492063492063492;0.8742690058479532;0.8577441077441077;0.6497031382527566
BOOKKEEPER;4;0.7357699;0.44055375;0.2244898;IBk;Undersampling;No Selection;Sensitive Threshold;299.0;16.0;83.0;43.0;0.9492063492063492;0.8742690058479532;0.8563264221158958;0.6497031382527566
BOOKKEEPER;4;0.7357699;0.44055375;0.2244898;IBk;Undersampling;No Selection;Sensitive Learning;301.0;38.0;61.0;41.0;0.887905604719764;0.8801169590643275;0.7425128477760057;0.4909927679158448
BOOKKEEPER;4;0.7357699;0.44055375;0.2244898;Naive Bayes;Undersampling;No Selection;No Sensitivity;333.0;90.0;9.0;9.0;0.7872340425531915;0.9736842105263158;0.9044391281233386;0.09106239460370988
BOOKKEEPER;4;0.7357699;0.44055375;0.2244898;Naive Bayes;Undersampling;No Selection;Sensitive Threshold;333.0;90.0;9.0;9.0;0.7872340425531915;0.9736842105263158;0.5322966507177034;0.09106239460370988
BOOKKEEPER;4;0.7357699;0.44055375;0.2244898;Naive Bayes;Undersampling;No Selection;Sensitive Learning;318.0;56.0;43.0;24.0;0.8502673796791443;0.9298245614035088;0.8757752968279284;0.4114114114114112
BOOKKEEPER;4;0.7357699;0.44055375;0.2244898;Random Forest;Undersampling;No Selection;No Sensitivity;322.0;21.0;78.0;20.0;0.9387755102040817;0.9415204678362573;0.9533640498552779;0.7320261437908498
BOOKKEEPER;4;0.7357699;0.44055375;0.2244898;Random Forest;Undersampling;No Selection;Sensitive Threshold;322.0;21.0;78.0;20.0;0.9387755102040817;0.9415204678362573;0.8646996278575226;0.7320261437908498
BOOKKEEPER;4;0.7357699;0.44055375;0.2244898;Random Forest;Undersampling;No Selection;Sensitive Learning;313.0;37.0;62.0;29.0;0.8942857142857142;0.9152046783625731;0.8752879673932306;0.5574712643678159
BOOKKEEPER;4;0.7357699;0.44055375;0.2244898;IBk;Oversampling;No Selection;No Sensitivity;261.0;25.0;74.0;81.0;0.9125874125874126;0.7631578947368421;0.7163447338885935;0.42518813634351493
BOOKKEEPER;4;0.7357699;0.44055375;0.2244898;IBk;Oversampling;No Selection;Sensitive Threshold;261.0;25.0;74.0;81.0;0.9125874125874126;0.7631578947368421;0.7553163211057948;0.42518813634351493
BOOKKEEPER;4;0.7357699;0.44055375;0.2244898;IBk;Oversampling;No Selection;Sensitive Learning;270.0;13.0;86.0;72.0;0.9540636042402827;0.7894736842105263;0.8127916592828873;0.5431611275638916
BOOKKEEPER;4;0.7357699;0.44055375;0.2244898;Naive Bayes;Oversampling;No Selection;No Sensitivity;329.0;72.0;27.0;13.0;0.8204488778054863;0.9619883040935673;0.8848721129422884;0.2977575451020064
BOOKKEEPER;4;0.7357699;0.44055375;0.2244898;Naive Bayes;Oversampling;No Selection;Sensitive Threshold;329.0;72.0;27.0;13.0;0.8204488778054863;0.9619883040935673;0.61735778841042;0.2977575451020064
BOOKKEEPER;4;0.7357699;0.44055375;0.2244898;Naive Bayes;Oversampling;No Selection;Sensitive Learning;328.0;77.0;22.0;14.0;0.8098765432098766;0.9590643274853801;0.8728660877783685;0.23424351708741178
BOOKKEEPER;4;0.7357699;0.44055375;0.2244898;Random Forest;Oversampling;No Selection;No Sensitivity;309.0;20.0;79.0;33.0;0.939209726443769;0.9035087719298246;0.9079685746352413;0.6702222222222223
BOOKKEEPER;4;0.7357699;0.44055375;0.2244898;Random Forest;Oversampling;No Selection;Sensitive Threshold;309.0;20.0;79.0;33.0;0.939209726443769;0.9035087719298246;0.8507442849548112;0.6702222222222223
BOOKKEEPER;4;0.7357699;0.44055375;0.2244898;Random Forest;Oversampling;No Selection;Sensitive Learning;294.0;13.0;86.0;48.0;0.9576547231270358;0.8596491228070176;0.9253352235808376;0.6470657692761839
BOOKKEEPER;4;0.7357699;0.44055375;0.2244898;IBk;SMOTE;No Selection;No Sensitivity;303.0;17.0;82.0;39.0;0.946875;0.8859649122807017;0.8583791127650777;0.6619857107661986
BOOKKEEPER;4;0.7357699;0.44055375;0.2244898;IBk;SMOTE;No Selection;Sensitive Threshold;303.0;17.0;82.0;39.0;0.946875;0.8859649122807017;0.8571238702817651;0.6619857107661986
BOOKKEEPER;4;0.7357699;0.44055375;0.2244898;IBk;SMOTE;No Selection;Sensitive Learning;243.0;6.0;93.0;99.0;0.9759036144578314;0.7105263157894737;0.8505670742512847;0.48729446935724957
BOOKKEEPER;4;0.7357699;0.44055375;0.2244898;Naive Bayes;SMOTE;No Selection;No Sensitivity;331.0;85.0;14.0;11.0;0.7956730769230769;0.9678362573099415;0.9032429558745348;0.1487513572204124
BOOKKEEPER;4;0.7357699;0.44055375;0.2244898;Naive Bayes;SMOTE;No Selection;Sensitive Threshold;331.0;85.0;14.0;11.0;0.7956730769230769;0.9678362573099415;0.5546251993620415;0.1487513572204124
BOOKKEEPER;4;0.7357699;0.44055375;0.2244898;Naive Bayes;SMOTE;No Selection;Sensitive Learning;328.0;75.0;24.0;14.0;0.8138957816377171;0.9590643274853801;0.8665308051272964;0.25795473881231923
BOOKKEEPER;4;0.7357699;0.44055375;0.2244898;Random Forest;SMOTE;No Selection;No Sensitivity;309.0;23.0;76.0;33.0;0.9307228915662651;0.9035087719298246;0.9440604879201371;0.6479343084423915
BOOKKEEPER;4;0.7357699;0.44055375;0.2244898;Random Forest;SMOTE;No Selection;Sensitive Threshold;309.0;23.0;76.0;33.0;0.9307228915662651;0.9035087719298246;0.8355927698032961;0.6479343084423915
BOOKKEEPER;4;0.7357699;0.44055375;0.2244898;Random Forest;SMOTE;No Selection;Sensitive Learning;144.0;2.0;97.0;198.0;0.9863013698630136;0.42105263157894735;0.9170506231909741;0.23533083645443187
BOOKKEEPER;4;0.7357699;0.44055375;0.2244898;IBk;No Balancing;Best First;No Sensitivity;320.0;43.0;56.0;22.0;0.8815426997245179;0.935672514619883;0.8700750191978263;0.542187724593934
BOOKKEEPER;4;0.7357699;0.44055375;0.2244898;IBk;No Balancing;Best First;Sensitive Threshold;320.0;43.0;56.0;22.0;0.8815426997245179;0.935672514619883;0.7506645401382244;0.542187724593934
BOOKKEEPER;4;0.7357699;0.44055375;0.2244898;IBk;No Balancing;Best First;Sensitive Learning;194.0;7.0;92.0;148.0;0.9651741293532339;0.5672514619883041;0.8571829405162739;0.32971494131144646
BOOKKEEPER;4;0.7357699;0.44055375;0.2244898;Naive Bayes;No Balancing;Best First;No Sensitivity;310.0;37.0;62.0;32.0;0.8933717579250721;0.9064327485380117;0.9100508004016776;0.5424279334145352
BOOKKEEPER;4;0.7357699;0.44055375;0.2244898;Naive Bayes;No Balancing;Best First;Sensitive Threshold;310.0;37.0;62.0;32.0;0.8933717579250721;0.9064327485380117;0.766347687400319;0.5424279334145352
BOOKKEEPER;4;0.7357699;0.44055375;0.2244898;Naive Bayes;No Balancing;Best First;Sensitive Learning;290.0;32.0;67.0;52.0;0.9006211180124224;0.847953216374269;0.914126646582787;0.4895833333333334
BOOKKEEPER;4;0.7357699;0.44055375;0.2244898;Random Forest;No Balancing;Best First;No Sensitivity;320.0;35.0;64.0;22.0;0.9014084507042254;0.935672514619883;0.9273288439955106;0.6106231702216645
BOOKKEEPER;4;0.7357699;0.44055375;0.2244898;Random Forest;No Balancing;Best First;Sensitive Threshold;320.0;35.0;64.0;22.0;0.9014084507042254;0.935672514619883;0.7910685805422647;0.6106231702216645
BOOKKEEPER;4;0.7357699;0.44055375;0.2244898;Random Forest;No Balancing;Best First;Sensitive Learning;69.0;1.0;98.0;273.0;0.9857142857142858;0.20175438596491227;0.9212889125169826;0.09698681732580039
BOOKKEEPER;4;0.7357699;0.44055375;0.2244898;IBk;Undersampling;Best First;No Sensitivity;277.0;17.0;82.0;65.0;0.9421768707482994;0.8099415204678363;0.8350463701340894;0.5444444444444444
BOOKKEEPER;4;0.7357699;0.44055375;0.2244898;IBk;Undersampling;Best First;Sensitive Threshold;277.0;17.0;82.0;65.0;0.9421768707482994;0.8099415204678363;0.8191121743753322;0.5444444444444444
BOOKKEEPER;4;0.7357699;0.44055375;0.2244898;IBk;Undersampling;Best First;Sensitive Learning;285.0;30.0;69.0;57.0;0.9047619047619048;0.8333333333333334;0.7881889066099592;0.4834605597964377
BOOKKEEPER;4;0.7357699;0.44055375;0.2244898;Naive Bayes;Undersampling;Best First;No Sensitivity;319.0;46.0;53.0;23.0;0.873972602739726;0.9327485380116959;0.9018252702463229;0.5102129508909171
BOOKKEEPER;4;0.7357699;0.44055375;0.2244898;Naive Bayes;Undersampling;Best First;Sensitive Threshold;319.0;46.0;53.0;23.0;0.873972602739726;0.9327485380116959;0.7340510366826156;0.5102129508909171
BOOKKEEPER;4;0.7357699;0.44055375;0.2244898;Naive Bayes;Undersampling;Best First;Sensitive Learning;297.0;41.0;58.0;45.0;0.878698224852071;0.868421052631579;0.8032518164097111;0.4478511530398325
BOOKKEEPER;4;0.7357699;0.44055375;0.2244898;Random Forest;Undersampling;Best First;No Sensitivity;314.0;14.0;85.0;28.0;0.9573170731707317;0.9181286549707602;0.9456110815759938;0.7395596051632498
BOOKKEEPER;4;0.7357699;0.44055375;0.2244898;Random Forest;Undersampling;Best First;Sensitive Threshold;314.0;14.0;85.0;28.0;0.9573170731707317;0.9181286549707602;0.8883572567783095;0.7395596051632498
BOOKKEEPER;4;0.7357699;0.44055375;0.2244898;Random Forest;Undersampling;Best First;Sensitive Learning;312.0;33.0;66.0;30.0;0.9043478260869565;0.9122807017543859;0.871625612853683;0.5852478839177749
BOOKKEEPER;4;0.7357699;0.44055375;0.2244898;IBk;Oversampling;Best First;No Sensitivity;283.0;20.0;79.0;59.0;0.933993399339934;0.827485380116959;0.816675527201843;0.5486766934825695
BOOKKEEPER;4;0.7357699;0.44055375;0.2244898;IBk;Oversampling;Best First;Sensitive Threshold;283.0;20.0;79.0;59.0;0.933993399339934;0.827485380116959;0.8127325890483785;0.5486766934825695
BOOKKEEPER;4;0.7357699;0.44055375;0.2244898;IBk;Oversampling;Best First;Sensitive Learning;221.0;12.0;87.0;121.0;0.9484978540772532;0.6461988304093568;0.7642506940752555;0.37737651667144356
BOOKKEEPER;4;0.7357699;0.44055375;0.2244898;Naive Bayes;Oversampling;Best First;No Sensitivity;315.0;55.0;44.0;27.0;0.8513513513513513;0.9210526315789473;0.8696615275562644;0.4063238770685579
BOOKKEEPER;4;0.7357699;0.44055375;0.2244898;Naive Bayes;Oversampling;Best First;Sensitive Threshold;315.0;55.0;44.0;27.0;0.8513513513513513;0.9210526315789473;0.6827485380116959;0.4063238770685579
BOOKKEEPER;4;0.7357699;0.44055375;0.2244898;Naive Bayes;Oversampling;Best First;Sensitive Learning;293.0;35.0;64.0;49.0;0.8932926829268293;0.8567251461988304;0.8207661409415795;0.4791192103264997
BOOKKEEPER;4;0.7357699;0.44055375;0.2244898;Random Forest;Oversampling;Best First;No Sensitivity;315.0;21.0;78.0;27.0;0.9375;0.9210526315789473;0.9184683088191861;0.6939890710382514
BOOKKEEPER;4;0.7357699;0.44055375;0.2244898;Random Forest;Oversampling;Best First;Sensitive Threshold;315.0;21.0;78.0;27.0;0.9375;0.9210526315789473;0.8544657097288676;0.6939890710382514
BOOKKEEPER;4;0.7357699;0.44055375;0.2244898;Random Forest;Oversampling;Best First;Sensitive Learning;254.0;16.0;83.0;88.0;0.9407407407407408;0.7426900584795322;0.8908382066276803;0.4617659484579637
BOOKKEEPER;4;0.7357699;0.44055375;0.2244898;IBk;SMOTE;Best First;No Sensitivity;288.0;20.0;79.0;54.0;0.935064935064935;0.8421052631578947;0.8389154704944178;0.5704809286898838
BOOKKEEPER;4;0.7357699;0.44055375;0.2244898;IBk;SMOTE;Best First;Sensitive Threshold;288.0;20.0;79.0;54.0;0.935064935064935;0.8421052631578947;0.8200425305688464;0.5704809286898838
BOOKKEEPER;4;0.7357699;0.44055375;0.2244898;IBk;SMOTE;Best First;Sensitive Learning;198.0;7.0;92.0;144.0;0.9658536585365853;0.5789473684210527;0.745525429735956;0.3407288603760136
BOOKKEEPER;4;0.7357699;0.44055375;0.2244898;Naive Bayes;SMOTE;Best First;No Sensitivity;313.0;34.0;65.0;29.0;0.9020172910662824;0.9152046783625731;0.905812511075669;0.5822168087697928
BOOKKEEPER;4;0.7357699;0.44055375;0.2244898;Naive Bayes;SMOTE;Best First;Sensitive Threshold;313.0;34.0;65.0;29.0;0.9020172910662824;0.9152046783625731;0.7858851674641149;0.5822168087697928
BOOKKEEPER;4;0.7357699;0.44055375;0.2244898;Naive Bayes;SMOTE;Best First;Sensitive Learning;285.0;26.0;73.0;57.0;0.9163987138263665;0.8333333333333334;0.8539340776182881;0.5135749312283221
BOOKKEEPER;4;0.7357699;0.44055375;0.2244898;Random Forest;SMOTE;Best First;No Sensitivity;306.0;15.0;84.0;36.0;0.9532710280373832;0.8947368421052632;0.9495835548467128;0.6911383018168334
BOOKKEEPER;4;0.7357699;0.44055375;0.2244898;Random Forest;SMOTE;Best First;Sensitive Threshold;306.0;15.0;84.0;36.0;0.9532710280373832;0.8947368421052632;0.8716108452950558;0.6911383018168334
BOOKKEEPER;4;0.7357699;0.44055375;0.2244898;Random Forest;SMOTE;Best First;Sensitive Learning;78.0;2.0;97.0;264.0;0.975;0.22807017543859648;0.9206539074960127;0.10713796410467183
